{
  "log_reg": {
    "cv_mean": {
      "roc_auc": 0.6358333333333335,
      "f1": 0.6577777777777778,
      "precision": 0.66,
      "recall": 0.7100000000000001,
      "accuracy": 0.625
    },
    "cv_std": {
      "roc_auc": 0.26150738251741784,
      "f1": 0.22439493403317526,
      "precision": 0.23132468763863298,
      "recall": 0.2973213749463701,
      "accuracy": 0.22360679774997896
    },
    "test_roc_auc": 0.6666666666666667,
    "test_report": {
      "0": {
        "precision": 0.5,
        "recall": 0.5,
        "f1-score": 0.5,
        "support": 4.0
      },
      "1": {
        "precision": 0.6666666666666666,
        "recall": 0.6666666666666666,
        "f1-score": 0.6666666666666666,
        "support": 6.0
      },
      "accuracy": 0.6,
      "macro avg": {
        "precision": 0.5833333333333333,
        "recall": 0.5833333333333333,
        "f1-score": 0.5833333333333333,
        "support": 10.0
      },
      "weighted avg": {
        "precision": 0.6,
        "recall": 0.6,
        "f1-score": 0.6,
        "support": 10.0
      }
    }
  },
  "random_forest": {
    "cv_mean": {
      "roc_auc": 0.6562500000000001,
      "f1": 0.7298412698412697,
      "precision": 0.7866666666666666,
      "recall": 0.76,
      "accuracy": 0.725
    },
    "cv_std": {
      "roc_auc": 0.1658835769782865,
      "f1": 0.1633622539068059,
      "precision": 0.12220201853215575,
      "recall": 0.29393876913398137,
      "accuracy": 0.1457737973711325
    },
    "test_roc_auc": 0.875,
    "test_report": {
      "0": {
        "precision": 0.75,
        "recall": 0.75,
        "f1-score": 0.75,
        "support": 4.0
      },
      "1": {
        "precision": 0.8333333333333334,
        "recall": 0.8333333333333334,
        "f1-score": 0.8333333333333334,
        "support": 6.0
      },
      "accuracy": 0.8,
      "macro avg": {
        "precision": 0.7916666666666667,
        "recall": 0.7916666666666667,
        "f1-score": 0.7916666666666667,
        "support": 10.0
      },
      "weighted avg": {
        "precision": 0.8,
        "recall": 0.8,
        "f1-score": 0.8,
        "support": 10.0
      }
    }
  }
}